,FID_full_generated,FID_segments_generated
0,74.15510165032364,53.86744105213262
