,Original_images_mAP,Attacked_images_mAP,FID_full_generated,FID_segments_generated,IS_full_generated,IS_segments_generated
0,0.670949332096747,0.3854340463049938,104.8792862196116,74.70226576264096,4.734381505119528,4.3319473829120625
