,FID_full_generated,FID_segments_generated
0,140.85916525870374,94.5014153417008
