,FID_full_generated,FID_segments_generated
0,173.78478796595863,112.40039656133985
