,FID_full_generated,FID_segments_generated
0,139.859857494602,91.60074109574987
