,FID_full_generated,FID_segments_generated
0,177.743660710864,116.27327836974064
